example.py,possible hardcoded secret at line 4
example.py,possible hardcoded secret at line 7
example.py,possible hardcoded secret at line 8
example.py,possible hardcoded secret at line 9
example.py,possible hardcoded secret at line 11
example.py,possible hardcoded secret at line 12
example.py,possible hardcoded secret at line 13
example.py,possible hardcoded secret at line 16
example1.py,possible hardcoded secret at line 4
example1.py,possible hardcoded secret at line 7
example2.py,possible hardcoded secret at line 4
example2.py,possible hardcoded secret at line 7
example2.py,possible hardcoded secret at line 8
example2.py,possible hardcoded secret at line 10
example3.py,possible hardcoded secret at line 1
example3.py,possible hardcoded secret at line 2
example3.py,possible hardcoded secret at line 3
example3.py,possible hardcoded secret at line 4
example3.py,possible hardcoded secret at line 5
example3.py,possible hardcoded secret at line 6
example.py,possible hardcoded secret at line 4
example.py,possible hardcoded secret at line 7
example.py,possible hardcoded secret at line 8
example.py,possible hardcoded secret at line 9
example.py,possible hardcoded secret at line 11
example.py,possible hardcoded secret at line 12
example.py,possible hardcoded secret at line 13
example.py,possible hardcoded secret at line 16
example1.py,possible hardcoded secret at line 4
example1.py,possible hardcoded secret at line 7
example2.py,possible hardcoded secret at line 4
example2.py,possible hardcoded secret at line 7
example2.py,possible hardcoded secret at line 8
example2.py,possible hardcoded secret at line 10
example3.py,possible hardcoded secret at line 1
example3.py,possible hardcoded secret at line 2
example3.py,possible hardcoded secret at line 3
example3.py,possible hardcoded secret at line 4
example3.py,possible hardcoded secret at line 5
example3.py,possible hardcoded secret at line 6
